round,loss
1,0.2546478896745494
2,0.23098591626529963
3,0.21718310285621967
4,0.20901409464822687
