round,loss
1,0.17011701419587397
2,0.085508554691028
3,0.061206108782336476
4,0.052205213493961775
