round,loss
1,0.23843833746203788
2,0.21598524232732066
3,0.20392091416481672
4,0.18180294334888458
