round,loss
1,0.22678690973567261
2,0.20207080187284715
3,0.19138277138402324
4,0.1806947075293394
